old_path,new_path,timestamp
D:\Workspace\DevOps\Python\week1\demo\file 1.txt,D:\Workspace\DevOps\Python\week1\demo\test 1.txt,2025-11-02T21:58:04.138593
D:\Workspace\DevOps\Python\week1\demo\file 2.txt,D:\Workspace\DevOps\Python\week1\demo\test 2.txt,2025-11-02T21:58:04.138593
D:\Workspace\DevOps\Python\week1\demo\file 3.txt,D:\Workspace\DevOps\Python\week1\demo\test 3.txt,2025-11-02T21:58:04.138593
D:\Workspace\DevOps\Python\week1\demo\file 4.txt,D:\Workspace\DevOps\Python\week1\demo\test 4.txt,2025-11-02T21:58:04.138593
D:\Workspace\DevOps\Python\week1\demo\file 5.txt,D:\Workspace\DevOps\Python\week1\demo\test 5.txt,2025-11-02T21:58:04.138593
D:\Workspace\DevOps\Python\week1\demo\file 6.txt,D:\Workspace\DevOps\Python\week1\demo\test 6.txt,2025-11-02T21:58:04.138593
D:\Workspace\DevOps\Python\week1\demo\file 7.txt,D:\Workspace\DevOps\Python\week1\demo\test 7.txt,2025-11-02T21:58:04.138593
D:\Workspace\DevOps\Python\week1\demo\file 8.txt,D:\Workspace\DevOps\Python\week1\demo\test 8.txt,2025-11-02T21:58:04.138593
D:\Workspace\DevOps\Python\week1\demo\file 9.txt,D:\Workspace\DevOps\Python\week1\demo\test 9.txt,2025-11-02T21:58:04.138593
D:\Workspace\DevOps\Python\week1\demo\file 10.txt,D:\Workspace\DevOps\Python\week1\demo\test 10.txt,2025-11-02T21:58:04.138593
D:\Workspace\DevOps\Python\week1\demo\file 11.txt,D:\Workspace\DevOps\Python\week1\demo\test 11.txt,2025-11-02T21:58:04.138593
D:\Workspace\DevOps\Python\week1\demo\file 12.txt,D:\Workspace\DevOps\Python\week1\demo\test 12.txt,2025-11-02T21:58:04.138593
D:\Workspace\DevOps\Python\week1\demo\file 13.txt,D:\Workspace\DevOps\Python\week1\demo\test 13.txt,2025-11-02T21:58:04.138593
D:\Workspace\DevOps\Python\week1\demo\file 14.txt,D:\Workspace\DevOps\Python\week1\demo\test 14.txt,2025-11-02T21:58:04.138593
D:\Workspace\DevOps\Python\week1\demo\file 15.txt,D:\Workspace\DevOps\Python\week1\demo\test 15.txt,2025-11-02T21:58:04.138593
D:\Workspace\DevOps\Python\week1\demo\file 16.txt,D:\Workspace\DevOps\Python\week1\demo\test 16.txt,2025-11-02T21:58:04.138593
D:\Workspace\DevOps\Python\week1\demo\file 17.txt,D:\Workspace\DevOps\Python\week1\demo\test 17.txt,2025-11-02T21:58:04.138593
D:\Workspace\DevOps\Python\week1\demo\file 18.txt,D:\Workspace\DevOps\Python\week1\demo\test 18.txt,2025-11-02T21:58:04.138593
D:\Workspace\DevOps\Python\week1\demo\file 19.txt,D:\Workspace\DevOps\Python\week1\demo\test 19.txt,2025-11-02T21:58:04.138593
D:\Workspace\DevOps\Python\week1\demo\file 20.txt,D:\Workspace\DevOps\Python\week1\demo\test 20.txt,2025-11-02T21:58:04.138593
D:\Workspace\DevOps\Python\week1\demo\file 21.txt,D:\Workspace\DevOps\Python\week1\demo\test 21.txt,2025-11-02T21:58:04.138593
D:\Workspace\DevOps\Python\week1\demo\file 22.txt,D:\Workspace\DevOps\Python\week1\demo\test 22.txt,2025-11-02T21:58:04.138593
D:\Workspace\DevOps\Python\week1\demo\file 23.txt,D:\Workspace\DevOps\Python\week1\demo\test 23.txt,2025-11-02T21:58:04.138593
D:\Workspace\DevOps\Python\week1\demo\file 24.txt,D:\Workspace\DevOps\Python\week1\demo\test 24.txt,2025-11-02T21:58:04.138593
D:\Workspace\DevOps\Python\week1\demo\file 25.txt,D:\Workspace\DevOps\Python\week1\demo\test 25.txt,2025-11-02T21:58:04.138593
D:\Workspace\DevOps\Python\week1\demo\file 26.txt,D:\Workspace\DevOps\Python\week1\demo\test 26.txt,2025-11-02T21:58:04.138593
D:\Workspace\DevOps\Python\week1\demo\file 27.txt,D:\Workspace\DevOps\Python\week1\demo\test 27.txt,2025-11-02T21:58:04.138593
D:\Workspace\DevOps\Python\week1\demo\file 28.txt,D:\Workspace\DevOps\Python\week1\demo\test 28.txt,2025-11-02T21:58:04.138593
D:\Workspace\DevOps\Python\week1\demo\file 29.txt,D:\Workspace\DevOps\Python\week1\demo\test 29.txt,2025-11-02T21:58:04.138593
D:\Workspace\DevOps\Python\week1\demo\file 30.txt,D:\Workspace\DevOps\Python\week1\demo\test 30.txt,2025-11-02T21:58:04.138593
D:\Workspace\DevOps\Python\week1\demo\file 31.txt,D:\Workspace\DevOps\Python\week1\demo\test 31.txt,2025-11-02T21:58:04.138593
D:\Workspace\DevOps\Python\week1\demo\file 32.txt,D:\Workspace\DevOps\Python\week1\demo\test 32.txt,2025-11-02T21:58:04.138593
D:\Workspace\DevOps\Python\week1\demo\file 33.txt,D:\Workspace\DevOps\Python\week1\demo\test 33.txt,2025-11-02T21:58:04.138593
D:\Workspace\DevOps\Python\week1\demo\file 34.txt,D:\Workspace\DevOps\Python\week1\demo\test 34.txt,2025-11-02T21:58:04.138593
D:\Workspace\DevOps\Python\week1\demo\file 35.txt,D:\Workspace\DevOps\Python\week1\demo\test 35.txt,2025-11-02T21:58:04.138593
D:\Workspace\DevOps\Python\week1\demo\file 36.txt,D:\Workspace\DevOps\Python\week1\demo\test 36.txt,2025-11-02T21:58:04.138593
D:\Workspace\DevOps\Python\week1\demo\file 37.txt,D:\Workspace\DevOps\Python\week1\demo\test 37.txt,2025-11-02T21:58:04.138593
D:\Workspace\DevOps\Python\week1\demo\file 38.txt,D:\Workspace\DevOps\Python\week1\demo\test 38.txt,2025-11-02T21:58:04.138593
D:\Workspace\DevOps\Python\week1\demo\file 39.txt,D:\Workspace\DevOps\Python\week1\demo\test 39.txt,2025-11-02T21:58:04.138593
D:\Workspace\DevOps\Python\week1\demo\file 40.txt,D:\Workspace\DevOps\Python\week1\demo\test 40.txt,2025-11-02T21:58:04.138593
D:\Workspace\DevOps\Python\week1\demo\file 41.txt,D:\Workspace\DevOps\Python\week1\demo\test 41.txt,2025-11-02T21:58:04.138593
D:\Workspace\DevOps\Python\week1\demo\file 42.txt,D:\Workspace\DevOps\Python\week1\demo\test 42.txt,2025-11-02T21:58:04.138593
D:\Workspace\DevOps\Python\week1\demo\file 43.txt,D:\Workspace\DevOps\Python\week1\demo\test 43.txt,2025-11-02T21:58:04.138593
D:\Workspace\DevOps\Python\week1\demo\file 44.txt,D:\Workspace\DevOps\Python\week1\demo\test 44.txt,2025-11-02T21:58:04.138593
D:\Workspace\DevOps\Python\week1\demo\file 45.txt,D:\Workspace\DevOps\Python\week1\demo\test 45.txt,2025-11-02T21:58:04.138593
D:\Workspace\DevOps\Python\week1\demo\file 46.txt,D:\Workspace\DevOps\Python\week1\demo\test 46.txt,2025-11-02T21:58:04.138593
D:\Workspace\DevOps\Python\week1\demo\file 47.txt,D:\Workspace\DevOps\Python\week1\demo\test 47.txt,2025-11-02T21:58:04.138593
D:\Workspace\DevOps\Python\week1\demo\file 48.txt,D:\Workspace\DevOps\Python\week1\demo\test 48.txt,2025-11-02T21:58:04.138593
D:\Workspace\DevOps\Python\week1\demo\file 49.txt,D:\Workspace\DevOps\Python\week1\demo\test 49.txt,2025-11-02T21:58:04.138593
D:\Workspace\DevOps\Python\week1\demo\file 50.txt,D:\Workspace\DevOps\Python\week1\demo\test 50.txt,2025-11-02T21:58:04.138593
D:\Workspace\DevOps\Python\week1\demo\file 51.txt,D:\Workspace\DevOps\Python\week1\demo\test 51.txt,2025-11-02T21:58:04.138593
D:\Workspace\DevOps\Python\week1\demo\file 52.txt,D:\Workspace\DevOps\Python\week1\demo\test 52.txt,2025-11-02T21:58:04.138593
D:\Workspace\DevOps\Python\week1\demo\file 53.txt,D:\Workspace\DevOps\Python\week1\demo\test 53.txt,2025-11-02T21:58:04.138593
D:\Workspace\DevOps\Python\week1\demo\file 54.txt,D:\Workspace\DevOps\Python\week1\demo\test 54.txt,2025-11-02T21:58:04.138593
D:\Workspace\DevOps\Python\week1\demo\file 55.txt,D:\Workspace\DevOps\Python\week1\demo\test 55.txt,2025-11-02T21:58:04.138593
D:\Workspace\DevOps\Python\week1\demo\file 56.txt,D:\Workspace\DevOps\Python\week1\demo\test 56.txt,2025-11-02T21:58:04.138593
D:\Workspace\DevOps\Python\week1\demo\file 57.txt,D:\Workspace\DevOps\Python\week1\demo\test 57.txt,2025-11-02T21:58:04.138593
D:\Workspace\DevOps\Python\week1\demo\file 58.txt,D:\Workspace\DevOps\Python\week1\demo\test 58.txt,2025-11-02T21:58:04.138593
D:\Workspace\DevOps\Python\week1\demo\file 59.txt,D:\Workspace\DevOps\Python\week1\demo\test 59.txt,2025-11-02T21:58:04.138593
D:\Workspace\DevOps\Python\week1\demo\file 60.txt,D:\Workspace\DevOps\Python\week1\demo\test 60.txt,2025-11-02T21:58:04.138593
D:\Workspace\DevOps\Python\week1\demo\file 61.txt,D:\Workspace\DevOps\Python\week1\demo\test 61.txt,2025-11-02T21:58:04.138593
D:\Workspace\DevOps\Python\week1\demo\file 62.txt,D:\Workspace\DevOps\Python\week1\demo\test 62.txt,2025-11-02T21:58:04.138593
D:\Workspace\DevOps\Python\week1\demo\file 63.txt,D:\Workspace\DevOps\Python\week1\demo\test 63.txt,2025-11-02T21:58:04.138593
D:\Workspace\DevOps\Python\week1\demo\file 64.txt,D:\Workspace\DevOps\Python\week1\demo\test 64.txt,2025-11-02T21:58:04.138593
D:\Workspace\DevOps\Python\week1\demo\file 65.txt,D:\Workspace\DevOps\Python\week1\demo\test 65.txt,2025-11-02T21:58:04.138593
D:\Workspace\DevOps\Python\week1\demo\file 66.txt,D:\Workspace\DevOps\Python\week1\demo\test 66.txt,2025-11-02T21:58:04.138593
D:\Workspace\DevOps\Python\week1\demo\file 67.txt,D:\Workspace\DevOps\Python\week1\demo\test 67.txt,2025-11-02T21:58:04.138593
D:\Workspace\DevOps\Python\week1\demo\file 68.txt,D:\Workspace\DevOps\Python\week1\demo\test 68.txt,2025-11-02T21:58:04.138593
D:\Workspace\DevOps\Python\week1\demo\file 69.txt,D:\Workspace\DevOps\Python\week1\demo\test 69.txt,2025-11-02T21:58:04.138593
D:\Workspace\DevOps\Python\week1\demo\file 70.txt,D:\Workspace\DevOps\Python\week1\demo\test 70.txt,2025-11-02T21:58:04.138593
D:\Workspace\DevOps\Python\week1\demo\file 71.txt,D:\Workspace\DevOps\Python\week1\demo\test 71.txt,2025-11-02T21:58:04.138593
D:\Workspace\DevOps\Python\week1\demo\file 72.txt,D:\Workspace\DevOps\Python\week1\demo\test 72.txt,2025-11-02T21:58:04.138593
D:\Workspace\DevOps\Python\week1\demo\file 73.txt,D:\Workspace\DevOps\Python\week1\demo\test 73.txt,2025-11-02T21:58:04.138593
D:\Workspace\DevOps\Python\week1\demo\file 74.txt,D:\Workspace\DevOps\Python\week1\demo\test 74.txt,2025-11-02T21:58:04.138593
D:\Workspace\DevOps\Python\week1\demo\file 75.txt,D:\Workspace\DevOps\Python\week1\demo\test 75.txt,2025-11-02T21:58:04.138593
D:\Workspace\DevOps\Python\week1\demo\file 76.txt,D:\Workspace\DevOps\Python\week1\demo\test 76.txt,2025-11-02T21:58:04.138593
D:\Workspace\DevOps\Python\week1\demo\file 77.txt,D:\Workspace\DevOps\Python\week1\demo\test 77.txt,2025-11-02T21:58:04.138593
D:\Workspace\DevOps\Python\week1\demo\file 78.txt,D:\Workspace\DevOps\Python\week1\demo\test 78.txt,2025-11-02T21:58:04.138593
D:\Workspace\DevOps\Python\week1\demo\file 79.txt,D:\Workspace\DevOps\Python\week1\demo\test 79.txt,2025-11-02T21:58:04.138593
D:\Workspace\DevOps\Python\week1\demo\file 80.txt,D:\Workspace\DevOps\Python\week1\demo\test 80.txt,2025-11-02T21:58:04.138593
D:\Workspace\DevOps\Python\week1\demo\file 81.txt,D:\Workspace\DevOps\Python\week1\demo\test 81.txt,2025-11-02T21:58:04.138593
D:\Workspace\DevOps\Python\week1\demo\file 82.txt,D:\Workspace\DevOps\Python\week1\demo\test 82.txt,2025-11-02T21:58:04.138593
D:\Workspace\DevOps\Python\week1\demo\file 83.txt,D:\Workspace\DevOps\Python\week1\demo\test 83.txt,2025-11-02T21:58:04.138593
D:\Workspace\DevOps\Python\week1\demo\file 84.txt,D:\Workspace\DevOps\Python\week1\demo\test 84.txt,2025-11-02T21:58:04.138593
D:\Workspace\DevOps\Python\week1\demo\file 85.txt,D:\Workspace\DevOps\Python\week1\demo\test 85.txt,2025-11-02T21:58:04.138593
D:\Workspace\DevOps\Python\week1\demo\file 86.txt,D:\Workspace\DevOps\Python\week1\demo\test 86.txt,2025-11-02T21:58:04.138593
D:\Workspace\DevOps\Python\week1\demo\file 87.txt,D:\Workspace\DevOps\Python\week1\demo\test 87.txt,2025-11-02T21:58:04.138593
D:\Workspace\DevOps\Python\week1\demo\file 88.txt,D:\Workspace\DevOps\Python\week1\demo\test 88.txt,2025-11-02T21:58:04.138593
D:\Workspace\DevOps\Python\week1\demo\file 89.txt,D:\Workspace\DevOps\Python\week1\demo\test 89.txt,2025-11-02T21:58:04.138593
D:\Workspace\DevOps\Python\week1\demo\file 90.txt,D:\Workspace\DevOps\Python\week1\demo\test 90.txt,2025-11-02T21:58:04.138593
D:\Workspace\DevOps\Python\week1\demo\file 91.txt,D:\Workspace\DevOps\Python\week1\demo\test 91.txt,2025-11-02T21:58:04.138593
D:\Workspace\DevOps\Python\week1\demo\file 92.txt,D:\Workspace\DevOps\Python\week1\demo\test 92.txt,2025-11-02T21:58:04.138593
D:\Workspace\DevOps\Python\week1\demo\file 93.txt,D:\Workspace\DevOps\Python\week1\demo\test 93.txt,2025-11-02T21:58:04.138593
D:\Workspace\DevOps\Python\week1\demo\file 94.txt,D:\Workspace\DevOps\Python\week1\demo\test 94.txt,2025-11-02T21:58:04.138593
D:\Workspace\DevOps\Python\week1\demo\file 95.txt,D:\Workspace\DevOps\Python\week1\demo\test 95.txt,2025-11-02T21:58:04.138593
D:\Workspace\DevOps\Python\week1\demo\file 96.txt,D:\Workspace\DevOps\Python\week1\demo\test 96.txt,2025-11-02T21:58:04.138593
D:\Workspace\DevOps\Python\week1\demo\file 97.txt,D:\Workspace\DevOps\Python\week1\demo\test 97.txt,2025-11-02T21:58:04.138593
D:\Workspace\DevOps\Python\week1\demo\file 98.txt,D:\Workspace\DevOps\Python\week1\demo\test 98.txt,2025-11-02T21:58:04.138593
D:\Workspace\DevOps\Python\week1\demo\file 99.txt,D:\Workspace\DevOps\Python\week1\demo\test 99.txt,2025-11-02T21:58:04.138593
D:\Workspace\DevOps\Python\week1\demo\file 100.txt,D:\Workspace\DevOps\Python\week1\demo\test 100.txt,2025-11-02T21:58:04.138593
D:\Workspace\DevOps\Python\week1\demo\file 101.txt,D:\Workspace\DevOps\Python\week1\demo\test 101.txt,2025-11-02T21:58:04.138593
D:\Workspace\DevOps\Python\week1\demo\file 102.txt,D:\Workspace\DevOps\Python\week1\demo\test 102.txt,2025-11-02T21:58:04.138593
D:\Workspace\DevOps\Python\week1\demo\file 103.txt,D:\Workspace\DevOps\Python\week1\demo\test 103.txt,2025-11-02T21:58:04.138593
D:\Workspace\DevOps\Python\week1\demo\file 104.txt,D:\Workspace\DevOps\Python\week1\demo\test 104.txt,2025-11-02T21:58:04.138593
D:\Workspace\DevOps\Python\week1\demo\file 105.txt,D:\Workspace\DevOps\Python\week1\demo\test 105.txt,2025-11-02T21:58:04.138593
D:\Workspace\DevOps\Python\week1\demo\file 106.txt,D:\Workspace\DevOps\Python\week1\demo\test 106.txt,2025-11-02T21:58:04.138593
D:\Workspace\DevOps\Python\week1\demo\file 107.txt,D:\Workspace\DevOps\Python\week1\demo\test 107.txt,2025-11-02T21:58:04.138593
D:\Workspace\DevOps\Python\week1\demo\file 108.txt,D:\Workspace\DevOps\Python\week1\demo\test 108.txt,2025-11-02T21:58:04.138593
D:\Workspace\DevOps\Python\week1\demo\file 109.txt,D:\Workspace\DevOps\Python\week1\demo\test 109.txt,2025-11-02T21:58:04.138593
D:\Workspace\DevOps\Python\week1\demo\file 110.txt,D:\Workspace\DevOps\Python\week1\demo\test 110.txt,2025-11-02T21:58:04.138593
D:\Workspace\DevOps\Python\week1\demo\file 111.txt,D:\Workspace\DevOps\Python\week1\demo\test 111.txt,2025-11-02T21:58:04.138593
D:\Workspace\DevOps\Python\week1\demo\file 112.txt,D:\Workspace\DevOps\Python\week1\demo\test 112.txt,2025-11-02T21:58:04.138593
D:\Workspace\DevOps\Python\week1\demo\file 113.txt,D:\Workspace\DevOps\Python\week1\demo\test 113.txt,2025-11-02T21:58:04.138593
D:\Workspace\DevOps\Python\week1\demo\file 114.txt,D:\Workspace\DevOps\Python\week1\demo\test 114.txt,2025-11-02T21:58:04.138593
D:\Workspace\DevOps\Python\week1\demo\file 115.txt,D:\Workspace\DevOps\Python\week1\demo\test 115.txt,2025-11-02T21:58:04.138593
D:\Workspace\DevOps\Python\week1\demo\file 116.txt,D:\Workspace\DevOps\Python\week1\demo\test 116.txt,2025-11-02T21:58:04.138593
D:\Workspace\DevOps\Python\week1\demo\file 117.txt,D:\Workspace\DevOps\Python\week1\demo\test 117.txt,2025-11-02T21:58:04.138593
D:\Workspace\DevOps\Python\week1\demo\file 118.txt,D:\Workspace\DevOps\Python\week1\demo\test 118.txt,2025-11-02T21:58:04.138593
D:\Workspace\DevOps\Python\week1\demo\file 119.txt,D:\Workspace\DevOps\Python\week1\demo\test 119.txt,2025-11-02T21:58:04.138593
D:\Workspace\DevOps\Python\week1\demo\file 120.txt,D:\Workspace\DevOps\Python\week1\demo\test 120.txt,2025-11-02T21:58:04.138593
D:\Workspace\DevOps\Python\week1\demo\file 121.txt,D:\Workspace\DevOps\Python\week1\demo\test 121.txt,2025-11-02T21:58:04.138593
D:\Workspace\DevOps\Python\week1\demo\file 122.txt,D:\Workspace\DevOps\Python\week1\demo\test 122.txt,2025-11-02T21:58:04.138593
D:\Workspace\DevOps\Python\week1\demo\file 123.txt,D:\Workspace\DevOps\Python\week1\demo\test 123.txt,2025-11-02T21:58:04.138593
D:\Workspace\DevOps\Python\week1\demo\file 124.txt,D:\Workspace\DevOps\Python\week1\demo\test 124.txt,2025-11-02T21:58:04.138593
D:\Workspace\DevOps\Python\week1\demo\file 125.txt,D:\Workspace\DevOps\Python\week1\demo\test 125.txt,2025-11-02T21:58:04.138593
D:\Workspace\DevOps\Python\week1\demo\file 126.txt,D:\Workspace\DevOps\Python\week1\demo\test 126.txt,2025-11-02T21:58:04.138593
D:\Workspace\DevOps\Python\week1\demo\file 127.txt,D:\Workspace\DevOps\Python\week1\demo\test 127.txt,2025-11-02T21:58:04.138593
D:\Workspace\DevOps\Python\week1\demo\file 128.txt,D:\Workspace\DevOps\Python\week1\demo\test 128.txt,2025-11-02T21:58:04.138593
D:\Workspace\DevOps\Python\week1\demo\file 129.txt,D:\Workspace\DevOps\Python\week1\demo\test 129.txt,2025-11-02T21:58:04.138593
D:\Workspace\DevOps\Python\week1\demo\file 130.txt,D:\Workspace\DevOps\Python\week1\demo\test 130.txt,2025-11-02T21:58:04.138593
D:\Workspace\DevOps\Python\week1\demo\file 131.txt,D:\Workspace\DevOps\Python\week1\demo\test 131.txt,2025-11-02T21:58:04.138593
D:\Workspace\DevOps\Python\week1\demo\file 132.txt,D:\Workspace\DevOps\Python\week1\demo\test 132.txt,2025-11-02T21:58:04.138593
D:\Workspace\DevOps\Python\week1\demo\file 133.txt,D:\Workspace\DevOps\Python\week1\demo\test 133.txt,2025-11-02T21:58:04.138593
D:\Workspace\DevOps\Python\week1\demo\file 134.txt,D:\Workspace\DevOps\Python\week1\demo\test 134.txt,2025-11-02T21:58:04.138593
D:\Workspace\DevOps\Python\week1\demo\file 135.txt,D:\Workspace\DevOps\Python\week1\demo\test 135.txt,2025-11-02T21:58:04.138593
D:\Workspace\DevOps\Python\week1\demo\file 136.txt,D:\Workspace\DevOps\Python\week1\demo\test 136.txt,2025-11-02T21:58:04.138593
D:\Workspace\DevOps\Python\week1\demo\file 137.txt,D:\Workspace\DevOps\Python\week1\demo\test 137.txt,2025-11-02T21:58:04.138593
D:\Workspace\DevOps\Python\week1\demo\file 138.txt,D:\Workspace\DevOps\Python\week1\demo\test 138.txt,2025-11-02T21:58:04.138593
D:\Workspace\DevOps\Python\week1\demo\file 139.txt,D:\Workspace\DevOps\Python\week1\demo\test 139.txt,2025-11-02T21:58:04.138593
D:\Workspace\DevOps\Python\week1\demo\file 140.txt,D:\Workspace\DevOps\Python\week1\demo\test 140.txt,2025-11-02T21:58:04.138593
D:\Workspace\DevOps\Python\week1\demo\file 141.txt,D:\Workspace\DevOps\Python\week1\demo\test 141.txt,2025-11-02T21:58:04.138593
D:\Workspace\DevOps\Python\week1\demo\file 142.txt,D:\Workspace\DevOps\Python\week1\demo\test 142.txt,2025-11-02T21:58:04.138593
D:\Workspace\DevOps\Python\week1\demo\file 143.txt,D:\Workspace\DevOps\Python\week1\demo\test 143.txt,2025-11-02T21:58:04.138593
D:\Workspace\DevOps\Python\week1\demo\file 144.txt,D:\Workspace\DevOps\Python\week1\demo\test 144.txt,2025-11-02T21:58:04.138593
D:\Workspace\DevOps\Python\week1\demo\file 145.txt,D:\Workspace\DevOps\Python\week1\demo\test 145.txt,2025-11-02T21:58:04.138593
D:\Workspace\DevOps\Python\week1\demo\file 146.txt,D:\Workspace\DevOps\Python\week1\demo\test 146.txt,2025-11-02T21:58:04.138593
D:\Workspace\DevOps\Python\week1\demo\file 147.txt,D:\Workspace\DevOps\Python\week1\demo\test 147.txt,2025-11-02T21:58:04.138593
D:\Workspace\DevOps\Python\week1\demo\file 148.txt,D:\Workspace\DevOps\Python\week1\demo\test 148.txt,2025-11-02T21:58:04.138593
D:\Workspace\DevOps\Python\week1\demo\file 149.txt,D:\Workspace\DevOps\Python\week1\demo\test 149.txt,2025-11-02T21:58:04.138593
D:\Workspace\DevOps\Python\week1\demo\file 150.txt,D:\Workspace\DevOps\Python\week1\demo\test 150.txt,2025-11-02T21:58:04.138593
D:\Workspace\DevOps\Python\week1\demo\file 151.txt,D:\Workspace\DevOps\Python\week1\demo\test 151.txt,2025-11-02T21:58:04.138593
D:\Workspace\DevOps\Python\week1\demo\file 152.txt,D:\Workspace\DevOps\Python\week1\demo\test 152.txt,2025-11-02T21:58:04.138593
D:\Workspace\DevOps\Python\week1\demo\file 153.txt,D:\Workspace\DevOps\Python\week1\demo\test 153.txt,2025-11-02T21:58:04.138593
D:\Workspace\DevOps\Python\week1\demo\file 154.txt,D:\Workspace\DevOps\Python\week1\demo\test 154.txt,2025-11-02T21:58:04.138593
D:\Workspace\DevOps\Python\week1\demo\file 155.txt,D:\Workspace\DevOps\Python\week1\demo\test 155.txt,2025-11-02T21:58:04.138593
D:\Workspace\DevOps\Python\week1\demo\file 156.txt,D:\Workspace\DevOps\Python\week1\demo\test 156.txt,2025-11-02T21:58:04.138593
D:\Workspace\DevOps\Python\week1\demo\file 157.txt,D:\Workspace\DevOps\Python\week1\demo\test 157.txt,2025-11-02T21:58:04.138593
D:\Workspace\DevOps\Python\week1\demo\file 158.txt,D:\Workspace\DevOps\Python\week1\demo\test 158.txt,2025-11-02T21:58:04.138593
D:\Workspace\DevOps\Python\week1\demo\file 159.txt,D:\Workspace\DevOps\Python\week1\demo\test 159.txt,2025-11-02T21:58:04.138593
D:\Workspace\DevOps\Python\week1\demo\file 160.txt,D:\Workspace\DevOps\Python\week1\demo\test 160.txt,2025-11-02T21:58:04.138593
D:\Workspace\DevOps\Python\week1\demo\file 161.txt,D:\Workspace\DevOps\Python\week1\demo\test 161.txt,2025-11-02T21:58:04.138593
D:\Workspace\DevOps\Python\week1\demo\file 162.txt,D:\Workspace\DevOps\Python\week1\demo\test 162.txt,2025-11-02T21:58:04.138593
D:\Workspace\DevOps\Python\week1\demo\file 163.txt,D:\Workspace\DevOps\Python\week1\demo\test 163.txt,2025-11-02T21:58:04.138593
D:\Workspace\DevOps\Python\week1\demo\file 164.txt,D:\Workspace\DevOps\Python\week1\demo\test 164.txt,2025-11-02T21:58:04.138593
D:\Workspace\DevOps\Python\week1\demo\file 165.txt,D:\Workspace\DevOps\Python\week1\demo\test 165.txt,2025-11-02T21:58:04.138593
D:\Workspace\DevOps\Python\week1\demo\file 166.txt,D:\Workspace\DevOps\Python\week1\demo\test 166.txt,2025-11-02T21:58:04.138593
D:\Workspace\DevOps\Python\week1\demo\file 167.txt,D:\Workspace\DevOps\Python\week1\demo\test 167.txt,2025-11-02T21:58:04.138593
D:\Workspace\DevOps\Python\week1\demo\file 168.txt,D:\Workspace\DevOps\Python\week1\demo\test 168.txt,2025-11-02T21:58:04.138593
D:\Workspace\DevOps\Python\week1\demo\file 169.txt,D:\Workspace\DevOps\Python\week1\demo\test 169.txt,2025-11-02T21:58:04.138593
D:\Workspace\DevOps\Python\week1\demo\file 170.txt,D:\Workspace\DevOps\Python\week1\demo\test 170.txt,2025-11-02T21:58:04.138593
D:\Workspace\DevOps\Python\week1\demo\file 171.txt,D:\Workspace\DevOps\Python\week1\demo\test 171.txt,2025-11-02T21:58:04.138593
D:\Workspace\DevOps\Python\week1\demo\file 172.txt,D:\Workspace\DevOps\Python\week1\demo\test 172.txt,2025-11-02T21:58:04.138593
D:\Workspace\DevOps\Python\week1\demo\file 173.txt,D:\Workspace\DevOps\Python\week1\demo\test 173.txt,2025-11-02T21:58:04.138593
D:\Workspace\DevOps\Python\week1\demo\file 174.txt,D:\Workspace\DevOps\Python\week1\demo\test 174.txt,2025-11-02T21:58:04.138593
D:\Workspace\DevOps\Python\week1\demo\file 175.txt,D:\Workspace\DevOps\Python\week1\demo\test 175.txt,2025-11-02T21:58:04.138593
D:\Workspace\DevOps\Python\week1\demo\file 176.txt,D:\Workspace\DevOps\Python\week1\demo\test 176.txt,2025-11-02T21:58:04.138593
D:\Workspace\DevOps\Python\week1\demo\file 177.txt,D:\Workspace\DevOps\Python\week1\demo\test 177.txt,2025-11-02T21:58:04.138593
D:\Workspace\DevOps\Python\week1\demo\file 178.txt,D:\Workspace\DevOps\Python\week1\demo\test 178.txt,2025-11-02T21:58:04.138593
D:\Workspace\DevOps\Python\week1\demo\file 179.txt,D:\Workspace\DevOps\Python\week1\demo\test 179.txt,2025-11-02T21:58:04.138593
D:\Workspace\DevOps\Python\week1\demo\file 180.txt,D:\Workspace\DevOps\Python\week1\demo\test 180.txt,2025-11-02T21:58:04.138593
D:\Workspace\DevOps\Python\week1\demo\file 181.txt,D:\Workspace\DevOps\Python\week1\demo\test 181.txt,2025-11-02T21:58:04.138593
D:\Workspace\DevOps\Python\week1\demo\file 182.txt,D:\Workspace\DevOps\Python\week1\demo\test 182.txt,2025-11-02T21:58:04.138593
D:\Workspace\DevOps\Python\week1\demo\file 183.txt,D:\Workspace\DevOps\Python\week1\demo\test 183.txt,2025-11-02T21:58:04.138593
D:\Workspace\DevOps\Python\week1\demo\file 184.txt,D:\Workspace\DevOps\Python\week1\demo\test 184.txt,2025-11-02T21:58:04.138593
D:\Workspace\DevOps\Python\week1\demo\file 185.txt,D:\Workspace\DevOps\Python\week1\demo\test 185.txt,2025-11-02T21:58:04.138593
D:\Workspace\DevOps\Python\week1\demo\file 186.txt,D:\Workspace\DevOps\Python\week1\demo\test 186.txt,2025-11-02T21:58:04.138593
D:\Workspace\DevOps\Python\week1\demo\file 187.txt,D:\Workspace\DevOps\Python\week1\demo\test 187.txt,2025-11-02T21:58:04.138593
D:\Workspace\DevOps\Python\week1\demo\file 188.txt,D:\Workspace\DevOps\Python\week1\demo\test 188.txt,2025-11-02T21:58:04.138593
D:\Workspace\DevOps\Python\week1\demo\file 189.txt,D:\Workspace\DevOps\Python\week1\demo\test 189.txt,2025-11-02T21:58:04.138593
D:\Workspace\DevOps\Python\week1\demo\file 190.txt,D:\Workspace\DevOps\Python\week1\demo\test 190.txt,2025-11-02T21:58:04.138593
D:\Workspace\DevOps\Python\week1\demo\file 191.txt,D:\Workspace\DevOps\Python\week1\demo\test 191.txt,2025-11-02T21:58:04.138593
D:\Workspace\DevOps\Python\week1\demo\file 192.txt,D:\Workspace\DevOps\Python\week1\demo\test 192.txt,2025-11-02T21:58:04.138593
D:\Workspace\DevOps\Python\week1\demo\file 193.txt,D:\Workspace\DevOps\Python\week1\demo\test 193.txt,2025-11-02T21:58:04.138593
D:\Workspace\DevOps\Python\week1\demo\file 194.txt,D:\Workspace\DevOps\Python\week1\demo\test 194.txt,2025-11-02T21:58:04.138593
D:\Workspace\DevOps\Python\week1\demo\file 195.txt,D:\Workspace\DevOps\Python\week1\demo\test 195.txt,2025-11-02T21:58:04.138593
D:\Workspace\DevOps\Python\week1\demo\file 196.txt,D:\Workspace\DevOps\Python\week1\demo\test 196.txt,2025-11-02T21:58:04.138593
D:\Workspace\DevOps\Python\week1\demo\file 197.txt,D:\Workspace\DevOps\Python\week1\demo\test 197.txt,2025-11-02T21:58:04.138593
D:\Workspace\DevOps\Python\week1\demo\file 198.txt,D:\Workspace\DevOps\Python\week1\demo\test 198.txt,2025-11-02T21:58:04.138593
D:\Workspace\DevOps\Python\week1\demo\file 199.txt,D:\Workspace\DevOps\Python\week1\demo\test 199.txt,2025-11-02T21:58:04.138593
D:\Workspace\DevOps\Python\week1\demo\file 200.txt,D:\Workspace\DevOps\Python\week1\demo\test 200.txt,2025-11-02T21:58:04.138593
D:\Workspace\DevOps\Python\week1\demo\file 201.txt,D:\Workspace\DevOps\Python\week1\demo\test 201.txt,2025-11-02T21:58:04.138593
D:\Workspace\DevOps\Python\week1\demo\file 202.txt,D:\Workspace\DevOps\Python\week1\demo\test 202.txt,2025-11-02T21:58:04.138593
D:\Workspace\DevOps\Python\week1\demo\file 203.txt,D:\Workspace\DevOps\Python\week1\demo\test 203.txt,2025-11-02T21:58:04.138593
D:\Workspace\DevOps\Python\week1\demo\file 204.txt,D:\Workspace\DevOps\Python\week1\demo\test 204.txt,2025-11-02T21:58:04.138593
D:\Workspace\DevOps\Python\week1\demo\file 205.txt,D:\Workspace\DevOps\Python\week1\demo\test 205.txt,2025-11-02T21:58:04.138593
D:\Workspace\DevOps\Python\week1\demo\file 206.txt,D:\Workspace\DevOps\Python\week1\demo\test 206.txt,2025-11-02T21:58:04.138593
D:\Workspace\DevOps\Python\week1\demo\file 207.txt,D:\Workspace\DevOps\Python\week1\demo\test 207.txt,2025-11-02T21:58:04.138593
D:\Workspace\DevOps\Python\week1\demo\file 208.txt,D:\Workspace\DevOps\Python\week1\demo\test 208.txt,2025-11-02T21:58:04.138593
D:\Workspace\DevOps\Python\week1\demo\file 209.txt,D:\Workspace\DevOps\Python\week1\demo\test 209.txt,2025-11-02T21:58:04.138593
D:\Workspace\DevOps\Python\week1\demo\file 210.txt,D:\Workspace\DevOps\Python\week1\demo\test 210.txt,2025-11-02T21:58:04.138593
D:\Workspace\DevOps\Python\week1\demo\file 211.txt,D:\Workspace\DevOps\Python\week1\demo\test 211.txt,2025-11-02T21:58:04.138593
D:\Workspace\DevOps\Python\week1\demo\file 212.txt,D:\Workspace\DevOps\Python\week1\demo\test 212.txt,2025-11-02T21:58:04.138593
D:\Workspace\DevOps\Python\week1\demo\file 213.txt,D:\Workspace\DevOps\Python\week1\demo\test 213.txt,2025-11-02T21:58:04.138593
D:\Workspace\DevOps\Python\week1\demo\file 214.txt,D:\Workspace\DevOps\Python\week1\demo\test 214.txt,2025-11-02T21:58:04.138593
D:\Workspace\DevOps\Python\week1\demo\file 215.txt,D:\Workspace\DevOps\Python\week1\demo\test 215.txt,2025-11-02T21:58:04.138593
D:\Workspace\DevOps\Python\week1\demo\file 216.txt,D:\Workspace\DevOps\Python\week1\demo\test 216.txt,2025-11-02T21:58:04.138593
D:\Workspace\DevOps\Python\week1\demo\file 217.txt,D:\Workspace\DevOps\Python\week1\demo\test 217.txt,2025-11-02T21:58:04.138593
D:\Workspace\DevOps\Python\week1\demo\file 218.txt,D:\Workspace\DevOps\Python\week1\demo\test 218.txt,2025-11-02T21:58:04.138593
D:\Workspace\DevOps\Python\week1\demo\file 219.txt,D:\Workspace\DevOps\Python\week1\demo\test 219.txt,2025-11-02T21:58:04.138593
D:\Workspace\DevOps\Python\week1\demo\file 220.txt,D:\Workspace\DevOps\Python\week1\demo\test 220.txt,2025-11-02T21:58:04.138593
D:\Workspace\DevOps\Python\week1\demo\file 221.txt,D:\Workspace\DevOps\Python\week1\demo\test 221.txt,2025-11-02T21:58:04.138593
D:\Workspace\DevOps\Python\week1\demo\file 222.txt,D:\Workspace\DevOps\Python\week1\demo\test 222.txt,2025-11-02T21:58:04.138593
D:\Workspace\DevOps\Python\week1\demo\file 223.txt,D:\Workspace\DevOps\Python\week1\demo\test 223.txt,2025-11-02T21:58:04.138593
D:\Workspace\DevOps\Python\week1\demo\file 224.txt,D:\Workspace\DevOps\Python\week1\demo\test 224.txt,2025-11-02T21:58:04.138593
D:\Workspace\DevOps\Python\week1\demo\file 225.txt,D:\Workspace\DevOps\Python\week1\demo\test 225.txt,2025-11-02T21:58:04.138593
D:\Workspace\DevOps\Python\week1\demo\file 226.txt,D:\Workspace\DevOps\Python\week1\demo\test 226.txt,2025-11-02T21:58:04.138593
D:\Workspace\DevOps\Python\week1\demo\file 227.txt,D:\Workspace\DevOps\Python\week1\demo\test 227.txt,2025-11-02T21:58:04.138593
D:\Workspace\DevOps\Python\week1\demo\file 228.txt,D:\Workspace\DevOps\Python\week1\demo\test 228.txt,2025-11-02T21:58:04.138593
D:\Workspace\DevOps\Python\week1\demo\file 229.txt,D:\Workspace\DevOps\Python\week1\demo\test 229.txt,2025-11-02T21:58:04.138593
D:\Workspace\DevOps\Python\week1\demo\file 230.txt,D:\Workspace\DevOps\Python\week1\demo\test 230.txt,2025-11-02T21:58:04.138593
D:\Workspace\DevOps\Python\week1\demo\file 231.txt,D:\Workspace\DevOps\Python\week1\demo\test 231.txt,2025-11-02T21:58:04.138593
D:\Workspace\DevOps\Python\week1\demo\file 232.txt,D:\Workspace\DevOps\Python\week1\demo\test 232.txt,2025-11-02T21:58:04.138593
D:\Workspace\DevOps\Python\week1\demo\file 233.txt,D:\Workspace\DevOps\Python\week1\demo\test 233.txt,2025-11-02T21:58:04.138593
D:\Workspace\DevOps\Python\week1\demo\file 234.txt,D:\Workspace\DevOps\Python\week1\demo\test 234.txt,2025-11-02T21:58:04.138593
D:\Workspace\DevOps\Python\week1\demo\file 235.txt,D:\Workspace\DevOps\Python\week1\demo\test 235.txt,2025-11-02T21:58:04.138593
D:\Workspace\DevOps\Python\week1\demo\file 236.txt,D:\Workspace\DevOps\Python\week1\demo\test 236.txt,2025-11-02T21:58:04.138593
D:\Workspace\DevOps\Python\week1\demo\file 237.txt,D:\Workspace\DevOps\Python\week1\demo\test 237.txt,2025-11-02T21:58:04.138593
D:\Workspace\DevOps\Python\week1\demo\file 238.txt,D:\Workspace\DevOps\Python\week1\demo\test 238.txt,2025-11-02T21:58:04.138593
D:\Workspace\DevOps\Python\week1\demo\file 239.txt,D:\Workspace\DevOps\Python\week1\demo\test 239.txt,2025-11-02T21:58:04.138593
D:\Workspace\DevOps\Python\week1\demo\file 240.txt,D:\Workspace\DevOps\Python\week1\demo\test 240.txt,2025-11-02T21:58:04.138593
D:\Workspace\DevOps\Python\week1\demo\file 241.txt,D:\Workspace\DevOps\Python\week1\demo\test 241.txt,2025-11-02T21:58:04.138593
D:\Workspace\DevOps\Python\week1\demo\file 242.txt,D:\Workspace\DevOps\Python\week1\demo\test 242.txt,2025-11-02T21:58:04.138593
D:\Workspace\DevOps\Python\week1\demo\file 243.txt,D:\Workspace\DevOps\Python\week1\demo\test 243.txt,2025-11-02T21:58:04.138593
D:\Workspace\DevOps\Python\week1\demo\file 244.txt,D:\Workspace\DevOps\Python\week1\demo\test 244.txt,2025-11-02T21:58:04.138593
D:\Workspace\DevOps\Python\week1\demo\file 245.txt,D:\Workspace\DevOps\Python\week1\demo\test 245.txt,2025-11-02T21:58:04.138593
D:\Workspace\DevOps\Python\week1\demo\file 246.txt,D:\Workspace\DevOps\Python\week1\demo\test 246.txt,2025-11-02T21:58:04.138593
D:\Workspace\DevOps\Python\week1\demo\file 247.txt,D:\Workspace\DevOps\Python\week1\demo\test 247.txt,2025-11-02T21:58:04.138593
D:\Workspace\DevOps\Python\week1\demo\file 248.txt,D:\Workspace\DevOps\Python\week1\demo\test 248.txt,2025-11-02T21:58:04.138593
D:\Workspace\DevOps\Python\week1\demo\file 249.txt,D:\Workspace\DevOps\Python\week1\demo\test 249.txt,2025-11-02T21:58:04.138593
D:\Workspace\DevOps\Python\week1\demo\file 250.txt,D:\Workspace\DevOps\Python\week1\demo\test 250.txt,2025-11-02T21:58:04.138593
D:\Workspace\DevOps\Python\week1\demo\file 251.txt,D:\Workspace\DevOps\Python\week1\demo\test 251.txt,2025-11-02T21:58:04.138593
D:\Workspace\DevOps\Python\week1\demo\file 252.txt,D:\Workspace\DevOps\Python\week1\demo\test 252.txt,2025-11-02T21:58:04.138593
D:\Workspace\DevOps\Python\week1\demo\file 253.txt,D:\Workspace\DevOps\Python\week1\demo\test 253.txt,2025-11-02T21:58:04.138593
D:\Workspace\DevOps\Python\week1\demo\file 254.txt,D:\Workspace\DevOps\Python\week1\demo\test 254.txt,2025-11-02T21:58:04.138593
D:\Workspace\DevOps\Python\week1\demo\file 255.txt,D:\Workspace\DevOps\Python\week1\demo\test 255.txt,2025-11-02T21:58:04.138593
D:\Workspace\DevOps\Python\week1\demo\file 256.txt,D:\Workspace\DevOps\Python\week1\demo\test 256.txt,2025-11-02T21:58:04.138593
D:\Workspace\DevOps\Python\week1\demo\file 257.txt,D:\Workspace\DevOps\Python\week1\demo\test 257.txt,2025-11-02T21:58:04.138593
D:\Workspace\DevOps\Python\week1\demo\file 258.txt,D:\Workspace\DevOps\Python\week1\demo\test 258.txt,2025-11-02T21:58:04.138593
D:\Workspace\DevOps\Python\week1\demo\file 259.txt,D:\Workspace\DevOps\Python\week1\demo\test 259.txt,2025-11-02T21:58:04.138593
D:\Workspace\DevOps\Python\week1\demo\file 260.txt,D:\Workspace\DevOps\Python\week1\demo\test 260.txt,2025-11-02T21:58:04.138593
D:\Workspace\DevOps\Python\week1\demo\file 261.txt,D:\Workspace\DevOps\Python\week1\demo\test 261.txt,2025-11-02T21:58:04.138593
D:\Workspace\DevOps\Python\week1\demo\file 262.txt,D:\Workspace\DevOps\Python\week1\demo\test 262.txt,2025-11-02T21:58:04.138593
D:\Workspace\DevOps\Python\week1\demo\file 263.txt,D:\Workspace\DevOps\Python\week1\demo\test 263.txt,2025-11-02T21:58:04.138593
D:\Workspace\DevOps\Python\week1\demo\file 264.txt,D:\Workspace\DevOps\Python\week1\demo\test 264.txt,2025-11-02T21:58:04.138593
D:\Workspace\DevOps\Python\week1\demo\file 265.txt,D:\Workspace\DevOps\Python\week1\demo\test 265.txt,2025-11-02T21:58:04.138593
D:\Workspace\DevOps\Python\week1\demo\file 266.txt,D:\Workspace\DevOps\Python\week1\demo\test 266.txt,2025-11-02T21:58:04.138593
D:\Workspace\DevOps\Python\week1\demo\file 267.txt,D:\Workspace\DevOps\Python\week1\demo\test 267.txt,2025-11-02T21:58:04.138593
D:\Workspace\DevOps\Python\week1\demo\file 268.txt,D:\Workspace\DevOps\Python\week1\demo\test 268.txt,2025-11-02T21:58:04.138593
D:\Workspace\DevOps\Python\week1\demo\file 269.txt,D:\Workspace\DevOps\Python\week1\demo\test 269.txt,2025-11-02T21:58:04.138593
D:\Workspace\DevOps\Python\week1\demo\file 270.txt,D:\Workspace\DevOps\Python\week1\demo\test 270.txt,2025-11-02T21:58:04.138593
D:\Workspace\DevOps\Python\week1\demo\file 271.txt,D:\Workspace\DevOps\Python\week1\demo\test 271.txt,2025-11-02T21:58:04.138593
D:\Workspace\DevOps\Python\week1\demo\file 272.txt,D:\Workspace\DevOps\Python\week1\demo\test 272.txt,2025-11-02T21:58:04.138593
D:\Workspace\DevOps\Python\week1\demo\file 273.txt,D:\Workspace\DevOps\Python\week1\demo\test 273.txt,2025-11-02T21:58:04.138593
D:\Workspace\DevOps\Python\week1\demo\file 274.txt,D:\Workspace\DevOps\Python\week1\demo\test 274.txt,2025-11-02T21:58:04.138593
D:\Workspace\DevOps\Python\week1\demo\file 275.txt,D:\Workspace\DevOps\Python\week1\demo\test 275.txt,2025-11-02T21:58:04.138593
D:\Workspace\DevOps\Python\week1\demo\file 276.txt,D:\Workspace\DevOps\Python\week1\demo\test 276.txt,2025-11-02T21:58:04.138593
D:\Workspace\DevOps\Python\week1\demo\file 277.txt,D:\Workspace\DevOps\Python\week1\demo\test 277.txt,2025-11-02T21:58:04.138593
D:\Workspace\DevOps\Python\week1\demo\file 278.txt,D:\Workspace\DevOps\Python\week1\demo\test 278.txt,2025-11-02T21:58:04.138593
D:\Workspace\DevOps\Python\week1\demo\file 279.txt,D:\Workspace\DevOps\Python\week1\demo\test 279.txt,2025-11-02T21:58:04.138593
D:\Workspace\DevOps\Python\week1\demo\file 280.txt,D:\Workspace\DevOps\Python\week1\demo\test 280.txt,2025-11-02T21:58:04.138593
D:\Workspace\DevOps\Python\week1\demo\file 281.txt,D:\Workspace\DevOps\Python\week1\demo\test 281.txt,2025-11-02T21:58:04.138593
D:\Workspace\DevOps\Python\week1\demo\file 282.txt,D:\Workspace\DevOps\Python\week1\demo\test 282.txt,2025-11-02T21:58:04.138593
D:\Workspace\DevOps\Python\week1\demo\file 283.txt,D:\Workspace\DevOps\Python\week1\demo\test 283.txt,2025-11-02T21:58:04.138593
D:\Workspace\DevOps\Python\week1\demo\file 284.txt,D:\Workspace\DevOps\Python\week1\demo\test 284.txt,2025-11-02T21:58:04.138593
D:\Workspace\DevOps\Python\week1\demo\file 285.txt,D:\Workspace\DevOps\Python\week1\demo\test 285.txt,2025-11-02T21:58:04.138593
D:\Workspace\DevOps\Python\week1\demo\file 286.txt,D:\Workspace\DevOps\Python\week1\demo\test 286.txt,2025-11-02T21:58:04.138593
D:\Workspace\DevOps\Python\week1\demo\file 287.txt,D:\Workspace\DevOps\Python\week1\demo\test 287.txt,2025-11-02T21:58:04.138593
D:\Workspace\DevOps\Python\week1\demo\file 288.txt,D:\Workspace\DevOps\Python\week1\demo\test 288.txt,2025-11-02T21:58:04.138593
D:\Workspace\DevOps\Python\week1\demo\file 289.txt,D:\Workspace\DevOps\Python\week1\demo\test 289.txt,2025-11-02T21:58:04.138593
D:\Workspace\DevOps\Python\week1\demo\file 290.txt,D:\Workspace\DevOps\Python\week1\demo\test 290.txt,2025-11-02T21:58:04.138593
D:\Workspace\DevOps\Python\week1\demo\file 291.txt,D:\Workspace\DevOps\Python\week1\demo\test 291.txt,2025-11-02T21:58:04.138593
D:\Workspace\DevOps\Python\week1\demo\file 292.txt,D:\Workspace\DevOps\Python\week1\demo\test 292.txt,2025-11-02T21:58:04.138593
D:\Workspace\DevOps\Python\week1\demo\file 293.txt,D:\Workspace\DevOps\Python\week1\demo\test 293.txt,2025-11-02T21:58:04.138593
D:\Workspace\DevOps\Python\week1\demo\file 294.txt,D:\Workspace\DevOps\Python\week1\demo\test 294.txt,2025-11-02T21:58:04.138593
D:\Workspace\DevOps\Python\week1\demo\file 295.txt,D:\Workspace\DevOps\Python\week1\demo\test 295.txt,2025-11-02T21:58:04.138593
D:\Workspace\DevOps\Python\week1\demo\file 296.txt,D:\Workspace\DevOps\Python\week1\demo\test 296.txt,2025-11-02T21:58:04.138593
D:\Workspace\DevOps\Python\week1\demo\file 297.txt,D:\Workspace\DevOps\Python\week1\demo\test 297.txt,2025-11-02T21:58:04.138593
D:\Workspace\DevOps\Python\week1\demo\file 298.txt,D:\Workspace\DevOps\Python\week1\demo\test 298.txt,2025-11-02T21:58:04.138593
D:\Workspace\DevOps\Python\week1\demo\file 299.txt,D:\Workspace\DevOps\Python\week1\demo\test 299.txt,2025-11-02T21:58:04.138593
D:\Workspace\DevOps\Python\week1\demo\file 300.txt,D:\Workspace\DevOps\Python\week1\demo\test 300.txt,2025-11-02T21:58:04.138593
D:\Workspace\DevOps\Python\week1\demo\file 301.txt,D:\Workspace\DevOps\Python\week1\demo\test 301.txt,2025-11-02T21:58:04.138593
D:\Workspace\DevOps\Python\week1\demo\file 302.txt,D:\Workspace\DevOps\Python\week1\demo\test 302.txt,2025-11-02T21:58:04.138593
D:\Workspace\DevOps\Python\week1\demo\file 303.txt,D:\Workspace\DevOps\Python\week1\demo\test 303.txt,2025-11-02T21:58:04.138593
D:\Workspace\DevOps\Python\week1\demo\file 304.txt,D:\Workspace\DevOps\Python\week1\demo\test 304.txt,2025-11-02T21:58:04.138593
D:\Workspace\DevOps\Python\week1\demo\file 305.txt,D:\Workspace\DevOps\Python\week1\demo\test 305.txt,2025-11-02T21:58:04.138593
D:\Workspace\DevOps\Python\week1\demo\file 306.txt,D:\Workspace\DevOps\Python\week1\demo\test 306.txt,2025-11-02T21:58:04.138593
D:\Workspace\DevOps\Python\week1\demo\file 307.txt,D:\Workspace\DevOps\Python\week1\demo\test 307.txt,2025-11-02T21:58:04.138593
D:\Workspace\DevOps\Python\week1\demo\file 308.txt,D:\Workspace\DevOps\Python\week1\demo\test 308.txt,2025-11-02T21:58:04.138593
D:\Workspace\DevOps\Python\week1\demo\file 309.txt,D:\Workspace\DevOps\Python\week1\demo\test 309.txt,2025-11-02T21:58:04.138593
D:\Workspace\DevOps\Python\week1\demo\file 310.txt,D:\Workspace\DevOps\Python\week1\demo\test 310.txt,2025-11-02T21:58:04.138593
D:\Workspace\DevOps\Python\week1\demo\file 311.txt,D:\Workspace\DevOps\Python\week1\demo\test 311.txt,2025-11-02T21:58:04.138593
D:\Workspace\DevOps\Python\week1\demo\file 312.txt,D:\Workspace\DevOps\Python\week1\demo\test 312.txt,2025-11-02T21:58:04.138593
D:\Workspace\DevOps\Python\week1\demo\file 313.txt,D:\Workspace\DevOps\Python\week1\demo\test 313.txt,2025-11-02T21:58:04.138593
D:\Workspace\DevOps\Python\week1\demo\file 314.txt,D:\Workspace\DevOps\Python\week1\demo\test 314.txt,2025-11-02T21:58:04.138593
D:\Workspace\DevOps\Python\week1\demo\file 315.txt,D:\Workspace\DevOps\Python\week1\demo\test 315.txt,2025-11-02T21:58:04.138593
D:\Workspace\DevOps\Python\week1\demo\file 316.txt,D:\Workspace\DevOps\Python\week1\demo\test 316.txt,2025-11-02T21:58:04.138593
D:\Workspace\DevOps\Python\week1\demo\file 317.txt,D:\Workspace\DevOps\Python\week1\demo\test 317.txt,2025-11-02T21:58:04.138593
D:\Workspace\DevOps\Python\week1\demo\file 318.txt,D:\Workspace\DevOps\Python\week1\demo\test 318.txt,2025-11-02T21:58:04.138593
D:\Workspace\DevOps\Python\week1\demo\file 319.txt,D:\Workspace\DevOps\Python\week1\demo\test 319.txt,2025-11-02T21:58:04.138593
D:\Workspace\DevOps\Python\week1\demo\file 320.txt,D:\Workspace\DevOps\Python\week1\demo\test 320.txt,2025-11-02T21:58:04.138593
D:\Workspace\DevOps\Python\week1\demo\file 321.txt,D:\Workspace\DevOps\Python\week1\demo\test 321.txt,2025-11-02T21:58:04.138593
D:\Workspace\DevOps\Python\week1\demo\file 322.txt,D:\Workspace\DevOps\Python\week1\demo\test 322.txt,2025-11-02T21:58:04.138593
D:\Workspace\DevOps\Python\week1\demo\file 323.txt,D:\Workspace\DevOps\Python\week1\demo\test 323.txt,2025-11-02T21:58:04.138593
D:\Workspace\DevOps\Python\week1\demo\file 324.txt,D:\Workspace\DevOps\Python\week1\demo\test 324.txt,2025-11-02T21:58:04.138593
D:\Workspace\DevOps\Python\week1\demo\file 325.txt,D:\Workspace\DevOps\Python\week1\demo\test 325.txt,2025-11-02T21:58:04.138593
D:\Workspace\DevOps\Python\week1\demo\file 326.txt,D:\Workspace\DevOps\Python\week1\demo\test 326.txt,2025-11-02T21:58:04.138593
D:\Workspace\DevOps\Python\week1\demo\file 327.txt,D:\Workspace\DevOps\Python\week1\demo\test 327.txt,2025-11-02T21:58:04.138593
D:\Workspace\DevOps\Python\week1\demo\file 328.txt,D:\Workspace\DevOps\Python\week1\demo\test 328.txt,2025-11-02T21:58:04.138593
D:\Workspace\DevOps\Python\week1\demo\file 329.txt,D:\Workspace\DevOps\Python\week1\demo\test 329.txt,2025-11-02T21:58:04.138593
D:\Workspace\DevOps\Python\week1\demo\file 330.txt,D:\Workspace\DevOps\Python\week1\demo\test 330.txt,2025-11-02T21:58:04.138593
D:\Workspace\DevOps\Python\week1\demo\file 331.txt,D:\Workspace\DevOps\Python\week1\demo\test 331.txt,2025-11-02T21:58:04.138593
D:\Workspace\DevOps\Python\week1\demo\file 332.txt,D:\Workspace\DevOps\Python\week1\demo\test 332.txt,2025-11-02T21:58:04.138593
D:\Workspace\DevOps\Python\week1\demo\file 333.txt,D:\Workspace\DevOps\Python\week1\demo\test 333.txt,2025-11-02T21:58:04.138593
D:\Workspace\DevOps\Python\week1\demo\file 334.txt,D:\Workspace\DevOps\Python\week1\demo\test 334.txt,2025-11-02T21:58:04.138593
D:\Workspace\DevOps\Python\week1\demo\file 335.txt,D:\Workspace\DevOps\Python\week1\demo\test 335.txt,2025-11-02T21:58:04.138593
D:\Workspace\DevOps\Python\week1\demo\file 336.txt,D:\Workspace\DevOps\Python\week1\demo\test 336.txt,2025-11-02T21:58:04.138593
D:\Workspace\DevOps\Python\week1\demo\file 337.txt,D:\Workspace\DevOps\Python\week1\demo\test 337.txt,2025-11-02T21:58:04.138593
D:\Workspace\DevOps\Python\week1\demo\file 338.txt,D:\Workspace\DevOps\Python\week1\demo\test 338.txt,2025-11-02T21:58:04.138593
D:\Workspace\DevOps\Python\week1\demo\file 339.txt,D:\Workspace\DevOps\Python\week1\demo\test 339.txt,2025-11-02T21:58:04.138593
D:\Workspace\DevOps\Python\week1\demo\file 340.txt,D:\Workspace\DevOps\Python\week1\demo\test 340.txt,2025-11-02T21:58:04.138593
D:\Workspace\DevOps\Python\week1\demo\file 341.txt,D:\Workspace\DevOps\Python\week1\demo\test 341.txt,2025-11-02T21:58:04.138593
D:\Workspace\DevOps\Python\week1\demo\file 342.txt,D:\Workspace\DevOps\Python\week1\demo\test 342.txt,2025-11-02T21:58:04.138593
D:\Workspace\DevOps\Python\week1\demo\file 343.txt,D:\Workspace\DevOps\Python\week1\demo\test 343.txt,2025-11-02T21:58:04.138593
D:\Workspace\DevOps\Python\week1\demo\file 344.txt,D:\Workspace\DevOps\Python\week1\demo\test 344.txt,2025-11-02T21:58:04.138593
D:\Workspace\DevOps\Python\week1\demo\file 345.txt,D:\Workspace\DevOps\Python\week1\demo\test 345.txt,2025-11-02T21:58:04.138593
D:\Workspace\DevOps\Python\week1\demo\file 346.txt,D:\Workspace\DevOps\Python\week1\demo\test 346.txt,2025-11-02T21:58:04.138593
D:\Workspace\DevOps\Python\week1\demo\file 347.txt,D:\Workspace\DevOps\Python\week1\demo\test 347.txt,2025-11-02T21:58:04.138593
D:\Workspace\DevOps\Python\week1\demo\file 348.txt,D:\Workspace\DevOps\Python\week1\demo\test 348.txt,2025-11-02T21:58:04.138593
D:\Workspace\DevOps\Python\week1\demo\file 349.txt,D:\Workspace\DevOps\Python\week1\demo\test 349.txt,2025-11-02T21:58:04.138593
D:\Workspace\DevOps\Python\week1\demo\file 350.txt,D:\Workspace\DevOps\Python\week1\demo\test 350.txt,2025-11-02T21:58:04.138593
D:\Workspace\DevOps\Python\week1\demo\file 351.txt,D:\Workspace\DevOps\Python\week1\demo\test 351.txt,2025-11-02T21:58:04.138593
D:\Workspace\DevOps\Python\week1\demo\file 352.txt,D:\Workspace\DevOps\Python\week1\demo\test 352.txt,2025-11-02T21:58:04.138593
D:\Workspace\DevOps\Python\week1\demo\file 353.txt,D:\Workspace\DevOps\Python\week1\demo\test 353.txt,2025-11-02T21:58:04.138593
D:\Workspace\DevOps\Python\week1\demo\file 354.txt,D:\Workspace\DevOps\Python\week1\demo\test 354.txt,2025-11-02T21:58:04.138593
D:\Workspace\DevOps\Python\week1\demo\file 355.txt,D:\Workspace\DevOps\Python\week1\demo\test 355.txt,2025-11-02T21:58:04.138593
D:\Workspace\DevOps\Python\week1\demo\file 356.txt,D:\Workspace\DevOps\Python\week1\demo\test 356.txt,2025-11-02T21:58:04.138593
D:\Workspace\DevOps\Python\week1\demo\file 357.txt,D:\Workspace\DevOps\Python\week1\demo\test 357.txt,2025-11-02T21:58:04.138593
D:\Workspace\DevOps\Python\week1\demo\file 358.txt,D:\Workspace\DevOps\Python\week1\demo\test 358.txt,2025-11-02T21:58:04.138593
D:\Workspace\DevOps\Python\week1\demo\file 359.txt,D:\Workspace\DevOps\Python\week1\demo\test 359.txt,2025-11-02T21:58:04.138593
D:\Workspace\DevOps\Python\week1\demo\file 360.txt,D:\Workspace\DevOps\Python\week1\demo\test 360.txt,2025-11-02T21:58:04.138593
D:\Workspace\DevOps\Python\week1\demo\file 361.txt,D:\Workspace\DevOps\Python\week1\demo\test 361.txt,2025-11-02T21:58:04.138593
D:\Workspace\DevOps\Python\week1\demo\file 362.txt,D:\Workspace\DevOps\Python\week1\demo\test 362.txt,2025-11-02T21:58:04.138593
D:\Workspace\DevOps\Python\week1\demo\file 363.txt,D:\Workspace\DevOps\Python\week1\demo\test 363.txt,2025-11-02T21:58:04.138593
D:\Workspace\DevOps\Python\week1\demo\file 364.txt,D:\Workspace\DevOps\Python\week1\demo\test 364.txt,2025-11-02T21:58:04.138593
D:\Workspace\DevOps\Python\week1\demo\file 365.txt,D:\Workspace\DevOps\Python\week1\demo\test 365.txt,2025-11-02T21:58:04.138593
D:\Workspace\DevOps\Python\week1\demo\file 366.txt,D:\Workspace\DevOps\Python\week1\demo\test 366.txt,2025-11-02T21:58:04.138593
D:\Workspace\DevOps\Python\week1\demo\file 367.txt,D:\Workspace\DevOps\Python\week1\demo\test 367.txt,2025-11-02T21:58:04.138593
D:\Workspace\DevOps\Python\week1\demo\file 368.txt,D:\Workspace\DevOps\Python\week1\demo\test 368.txt,2025-11-02T21:58:04.138593
D:\Workspace\DevOps\Python\week1\demo\file 369.txt,D:\Workspace\DevOps\Python\week1\demo\test 369.txt,2025-11-02T21:58:04.138593
D:\Workspace\DevOps\Python\week1\demo\file 370.txt,D:\Workspace\DevOps\Python\week1\demo\test 370.txt,2025-11-02T21:58:04.138593
D:\Workspace\DevOps\Python\week1\demo\file 371.txt,D:\Workspace\DevOps\Python\week1\demo\test 371.txt,2025-11-02T21:58:04.138593
D:\Workspace\DevOps\Python\week1\demo\file 372.txt,D:\Workspace\DevOps\Python\week1\demo\test 372.txt,2025-11-02T21:58:04.138593
D:\Workspace\DevOps\Python\week1\demo\file 373.txt,D:\Workspace\DevOps\Python\week1\demo\test 373.txt,2025-11-02T21:58:04.138593
D:\Workspace\DevOps\Python\week1\demo\file 374.txt,D:\Workspace\DevOps\Python\week1\demo\test 374.txt,2025-11-02T21:58:04.138593
D:\Workspace\DevOps\Python\week1\demo\file 375.txt,D:\Workspace\DevOps\Python\week1\demo\test 375.txt,2025-11-02T21:58:04.138593
D:\Workspace\DevOps\Python\week1\demo\file 376.txt,D:\Workspace\DevOps\Python\week1\demo\test 376.txt,2025-11-02T21:58:04.138593
D:\Workspace\DevOps\Python\week1\demo\file 377.txt,D:\Workspace\DevOps\Python\week1\demo\test 377.txt,2025-11-02T21:58:04.138593
D:\Workspace\DevOps\Python\week1\demo\file 378.txt,D:\Workspace\DevOps\Python\week1\demo\test 378.txt,2025-11-02T21:58:04.138593
D:\Workspace\DevOps\Python\week1\demo\file 379.txt,D:\Workspace\DevOps\Python\week1\demo\test 379.txt,2025-11-02T21:58:04.138593
D:\Workspace\DevOps\Python\week1\demo\file 380.txt,D:\Workspace\DevOps\Python\week1\demo\test 380.txt,2025-11-02T21:58:04.138593
D:\Workspace\DevOps\Python\week1\demo\file 381.txt,D:\Workspace\DevOps\Python\week1\demo\test 381.txt,2025-11-02T21:58:04.138593
D:\Workspace\DevOps\Python\week1\demo\file 382.txt,D:\Workspace\DevOps\Python\week1\demo\test 382.txt,2025-11-02T21:58:04.138593
D:\Workspace\DevOps\Python\week1\demo\file 383.txt,D:\Workspace\DevOps\Python\week1\demo\test 383.txt,2025-11-02T21:58:04.138593
D:\Workspace\DevOps\Python\week1\demo\file 384.txt,D:\Workspace\DevOps\Python\week1\demo\test 384.txt,2025-11-02T21:58:04.138593
D:\Workspace\DevOps\Python\week1\demo\file 385.txt,D:\Workspace\DevOps\Python\week1\demo\test 385.txt,2025-11-02T21:58:04.138593
D:\Workspace\DevOps\Python\week1\demo\file 386.txt,D:\Workspace\DevOps\Python\week1\demo\test 386.txt,2025-11-02T21:58:04.138593
D:\Workspace\DevOps\Python\week1\demo\file 387.txt,D:\Workspace\DevOps\Python\week1\demo\test 387.txt,2025-11-02T21:58:04.138593
D:\Workspace\DevOps\Python\week1\demo\file 388.txt,D:\Workspace\DevOps\Python\week1\demo\test 388.txt,2025-11-02T21:58:04.138593
D:\Workspace\DevOps\Python\week1\demo\file 389.txt,D:\Workspace\DevOps\Python\week1\demo\test 389.txt,2025-11-02T21:58:04.138593
D:\Workspace\DevOps\Python\week1\demo\file 390.txt,D:\Workspace\DevOps\Python\week1\demo\test 390.txt,2025-11-02T21:58:04.138593
D:\Workspace\DevOps\Python\week1\demo\file 391.txt,D:\Workspace\DevOps\Python\week1\demo\test 391.txt,2025-11-02T21:58:04.138593
D:\Workspace\DevOps\Python\week1\demo\file 392.txt,D:\Workspace\DevOps\Python\week1\demo\test 392.txt,2025-11-02T21:58:04.138593
D:\Workspace\DevOps\Python\week1\demo\file 393.txt,D:\Workspace\DevOps\Python\week1\demo\test 393.txt,2025-11-02T21:58:04.138593
D:\Workspace\DevOps\Python\week1\demo\file 394.txt,D:\Workspace\DevOps\Python\week1\demo\test 394.txt,2025-11-02T21:58:04.138593
D:\Workspace\DevOps\Python\week1\demo\file 395.txt,D:\Workspace\DevOps\Python\week1\demo\test 395.txt,2025-11-02T21:58:04.138593
D:\Workspace\DevOps\Python\week1\demo\file 396.txt,D:\Workspace\DevOps\Python\week1\demo\test 396.txt,2025-11-02T21:58:04.138593
D:\Workspace\DevOps\Python\week1\demo\file 397.txt,D:\Workspace\DevOps\Python\week1\demo\test 397.txt,2025-11-02T21:58:04.138593
D:\Workspace\DevOps\Python\week1\demo\file 398.txt,D:\Workspace\DevOps\Python\week1\demo\test 398.txt,2025-11-02T21:58:04.138593
D:\Workspace\DevOps\Python\week1\demo\file 399.txt,D:\Workspace\DevOps\Python\week1\demo\test 399.txt,2025-11-02T21:58:04.138593
D:\Workspace\DevOps\Python\week1\demo\file 400.txt,D:\Workspace\DevOps\Python\week1\demo\test 400.txt,2025-11-02T21:58:04.138593
D:\Workspace\DevOps\Python\week1\demo\file 401.txt,D:\Workspace\DevOps\Python\week1\demo\test 401.txt,2025-11-02T21:58:04.138593
D:\Workspace\DevOps\Python\week1\demo\file 402.txt,D:\Workspace\DevOps\Python\week1\demo\test 402.txt,2025-11-02T21:58:04.138593
D:\Workspace\DevOps\Python\week1\demo\file 403.txt,D:\Workspace\DevOps\Python\week1\demo\test 403.txt,2025-11-02T21:58:04.138593
D:\Workspace\DevOps\Python\week1\demo\file 404.txt,D:\Workspace\DevOps\Python\week1\demo\test 404.txt,2025-11-02T21:58:04.138593
D:\Workspace\DevOps\Python\week1\demo\file 405.txt,D:\Workspace\DevOps\Python\week1\demo\test 405.txt,2025-11-02T21:58:04.138593
D:\Workspace\DevOps\Python\week1\demo\file 406.txt,D:\Workspace\DevOps\Python\week1\demo\test 406.txt,2025-11-02T21:58:04.138593
D:\Workspace\DevOps\Python\week1\demo\file 407.txt,D:\Workspace\DevOps\Python\week1\demo\test 407.txt,2025-11-02T21:58:04.138593
D:\Workspace\DevOps\Python\week1\demo\file 408.txt,D:\Workspace\DevOps\Python\week1\demo\test 408.txt,2025-11-02T21:58:04.138593
D:\Workspace\DevOps\Python\week1\demo\file 409.txt,D:\Workspace\DevOps\Python\week1\demo\test 409.txt,2025-11-02T21:58:04.138593
D:\Workspace\DevOps\Python\week1\demo\file 410.txt,D:\Workspace\DevOps\Python\week1\demo\test 410.txt,2025-11-02T21:58:04.138593
D:\Workspace\DevOps\Python\week1\demo\file 411.txt,D:\Workspace\DevOps\Python\week1\demo\test 411.txt,2025-11-02T21:58:04.138593
D:\Workspace\DevOps\Python\week1\demo\file 412.txt,D:\Workspace\DevOps\Python\week1\demo\test 412.txt,2025-11-02T21:58:04.138593
D:\Workspace\DevOps\Python\week1\demo\file 413.txt,D:\Workspace\DevOps\Python\week1\demo\test 413.txt,2025-11-02T21:58:04.138593
D:\Workspace\DevOps\Python\week1\demo\file 414.txt,D:\Workspace\DevOps\Python\week1\demo\test 414.txt,2025-11-02T21:58:04.138593
D:\Workspace\DevOps\Python\week1\demo\file 415.txt,D:\Workspace\DevOps\Python\week1\demo\test 415.txt,2025-11-02T21:58:04.138593
D:\Workspace\DevOps\Python\week1\demo\file 416.txt,D:\Workspace\DevOps\Python\week1\demo\test 416.txt,2025-11-02T21:58:04.138593
D:\Workspace\DevOps\Python\week1\demo\file 417.txt,D:\Workspace\DevOps\Python\week1\demo\test 417.txt,2025-11-02T21:58:04.138593
D:\Workspace\DevOps\Python\week1\demo\file 418.txt,D:\Workspace\DevOps\Python\week1\demo\test 418.txt,2025-11-02T21:58:04.138593
D:\Workspace\DevOps\Python\week1\demo\file 419.txt,D:\Workspace\DevOps\Python\week1\demo\test 419.txt,2025-11-02T21:58:04.138593
D:\Workspace\DevOps\Python\week1\demo\file 420.txt,D:\Workspace\DevOps\Python\week1\demo\test 420.txt,2025-11-02T21:58:04.138593
D:\Workspace\DevOps\Python\week1\demo\file 421.txt,D:\Workspace\DevOps\Python\week1\demo\test 421.txt,2025-11-02T21:58:04.138593
D:\Workspace\DevOps\Python\week1\demo\file 422.txt,D:\Workspace\DevOps\Python\week1\demo\test 422.txt,2025-11-02T21:58:04.138593
D:\Workspace\DevOps\Python\week1\demo\file 423.txt,D:\Workspace\DevOps\Python\week1\demo\test 423.txt,2025-11-02T21:58:04.138593
D:\Workspace\DevOps\Python\week1\demo\file 424.txt,D:\Workspace\DevOps\Python\week1\demo\test 424.txt,2025-11-02T21:58:04.138593
D:\Workspace\DevOps\Python\week1\demo\file 425.txt,D:\Workspace\DevOps\Python\week1\demo\test 425.txt,2025-11-02T21:58:04.138593
D:\Workspace\DevOps\Python\week1\demo\file 426.txt,D:\Workspace\DevOps\Python\week1\demo\test 426.txt,2025-11-02T21:58:04.138593
D:\Workspace\DevOps\Python\week1\demo\file 427.txt,D:\Workspace\DevOps\Python\week1\demo\test 427.txt,2025-11-02T21:58:04.138593
D:\Workspace\DevOps\Python\week1\demo\file 428.txt,D:\Workspace\DevOps\Python\week1\demo\test 428.txt,2025-11-02T21:58:04.138593
D:\Workspace\DevOps\Python\week1\demo\file 429.txt,D:\Workspace\DevOps\Python\week1\demo\test 429.txt,2025-11-02T21:58:04.138593
D:\Workspace\DevOps\Python\week1\demo\file 430.txt,D:\Workspace\DevOps\Python\week1\demo\test 430.txt,2025-11-02T21:58:04.138593
D:\Workspace\DevOps\Python\week1\demo\file 431.txt,D:\Workspace\DevOps\Python\week1\demo\test 431.txt,2025-11-02T21:58:04.138593
D:\Workspace\DevOps\Python\week1\demo\file 432.txt,D:\Workspace\DevOps\Python\week1\demo\test 432.txt,2025-11-02T21:58:04.138593
D:\Workspace\DevOps\Python\week1\demo\file 433.txt,D:\Workspace\DevOps\Python\week1\demo\test 433.txt,2025-11-02T21:58:04.138593
D:\Workspace\DevOps\Python\week1\demo\file 434.txt,D:\Workspace\DevOps\Python\week1\demo\test 434.txt,2025-11-02T21:58:04.138593
D:\Workspace\DevOps\Python\week1\demo\file 435.txt,D:\Workspace\DevOps\Python\week1\demo\test 435.txt,2025-11-02T21:58:04.138593
D:\Workspace\DevOps\Python\week1\demo\file 436.txt,D:\Workspace\DevOps\Python\week1\demo\test 436.txt,2025-11-02T21:58:04.138593
D:\Workspace\DevOps\Python\week1\demo\file 437.txt,D:\Workspace\DevOps\Python\week1\demo\test 437.txt,2025-11-02T21:58:04.138593
D:\Workspace\DevOps\Python\week1\demo\file 438.txt,D:\Workspace\DevOps\Python\week1\demo\test 438.txt,2025-11-02T21:58:04.138593
D:\Workspace\DevOps\Python\week1\demo\file 439.txt,D:\Workspace\DevOps\Python\week1\demo\test 439.txt,2025-11-02T21:58:04.138593
D:\Workspace\DevOps\Python\week1\demo\file 440.txt,D:\Workspace\DevOps\Python\week1\demo\test 440.txt,2025-11-02T21:58:04.138593
D:\Workspace\DevOps\Python\week1\demo\file 441.txt,D:\Workspace\DevOps\Python\week1\demo\test 441.txt,2025-11-02T21:58:04.138593
D:\Workspace\DevOps\Python\week1\demo\file 442.txt,D:\Workspace\DevOps\Python\week1\demo\test 442.txt,2025-11-02T21:58:04.138593
D:\Workspace\DevOps\Python\week1\demo\file 443.txt,D:\Workspace\DevOps\Python\week1\demo\test 443.txt,2025-11-02T21:58:04.138593
D:\Workspace\DevOps\Python\week1\demo\file 444.txt,D:\Workspace\DevOps\Python\week1\demo\test 444.txt,2025-11-02T21:58:04.138593
D:\Workspace\DevOps\Python\week1\demo\file 445.txt,D:\Workspace\DevOps\Python\week1\demo\test 445.txt,2025-11-02T21:58:04.138593
D:\Workspace\DevOps\Python\week1\demo\file 446.txt,D:\Workspace\DevOps\Python\week1\demo\test 446.txt,2025-11-02T21:58:04.138593
D:\Workspace\DevOps\Python\week1\demo\file 447.txt,D:\Workspace\DevOps\Python\week1\demo\test 447.txt,2025-11-02T21:58:04.138593
D:\Workspace\DevOps\Python\week1\demo\file 448.txt,D:\Workspace\DevOps\Python\week1\demo\test 448.txt,2025-11-02T21:58:04.138593
D:\Workspace\DevOps\Python\week1\demo\file 449.txt,D:\Workspace\DevOps\Python\week1\demo\test 449.txt,2025-11-02T21:58:04.138593
D:\Workspace\DevOps\Python\week1\demo\file 450.txt,D:\Workspace\DevOps\Python\week1\demo\test 450.txt,2025-11-02T21:58:04.138593
D:\Workspace\DevOps\Python\week1\demo\file 451.txt,D:\Workspace\DevOps\Python\week1\demo\test 451.txt,2025-11-02T21:58:04.138593
D:\Workspace\DevOps\Python\week1\demo\file 452.txt,D:\Workspace\DevOps\Python\week1\demo\test 452.txt,2025-11-02T21:58:04.138593
D:\Workspace\DevOps\Python\week1\demo\file 453.txt,D:\Workspace\DevOps\Python\week1\demo\test 453.txt,2025-11-02T21:58:04.138593
D:\Workspace\DevOps\Python\week1\demo\file 454.txt,D:\Workspace\DevOps\Python\week1\demo\test 454.txt,2025-11-02T21:58:04.138593
D:\Workspace\DevOps\Python\week1\demo\file 455.txt,D:\Workspace\DevOps\Python\week1\demo\test 455.txt,2025-11-02T21:58:04.138593
D:\Workspace\DevOps\Python\week1\demo\file 456.txt,D:\Workspace\DevOps\Python\week1\demo\test 456.txt,2025-11-02T21:58:04.138593
D:\Workspace\DevOps\Python\week1\demo\file 457.txt,D:\Workspace\DevOps\Python\week1\demo\test 457.txt,2025-11-02T21:58:04.138593
D:\Workspace\DevOps\Python\week1\demo\file 458.txt,D:\Workspace\DevOps\Python\week1\demo\test 458.txt,2025-11-02T21:58:04.138593
D:\Workspace\DevOps\Python\week1\demo\file 459.txt,D:\Workspace\DevOps\Python\week1\demo\test 459.txt,2025-11-02T21:58:04.138593
D:\Workspace\DevOps\Python\week1\demo\file 460.txt,D:\Workspace\DevOps\Python\week1\demo\test 460.txt,2025-11-02T21:58:04.138593
D:\Workspace\DevOps\Python\week1\demo\file 461.txt,D:\Workspace\DevOps\Python\week1\demo\test 461.txt,2025-11-02T21:58:04.138593
D:\Workspace\DevOps\Python\week1\demo\file 462.txt,D:\Workspace\DevOps\Python\week1\demo\test 462.txt,2025-11-02T21:58:04.138593
D:\Workspace\DevOps\Python\week1\demo\file 463.txt,D:\Workspace\DevOps\Python\week1\demo\test 463.txt,2025-11-02T21:58:04.138593
D:\Workspace\DevOps\Python\week1\demo\file 464.txt,D:\Workspace\DevOps\Python\week1\demo\test 464.txt,2025-11-02T21:58:04.138593
D:\Workspace\DevOps\Python\week1\demo\file 465.txt,D:\Workspace\DevOps\Python\week1\demo\test 465.txt,2025-11-02T21:58:04.138593
D:\Workspace\DevOps\Python\week1\demo\file 466.txt,D:\Workspace\DevOps\Python\week1\demo\test 466.txt,2025-11-02T21:58:04.138593
D:\Workspace\DevOps\Python\week1\demo\file 467.txt,D:\Workspace\DevOps\Python\week1\demo\test 467.txt,2025-11-02T21:58:04.138593
D:\Workspace\DevOps\Python\week1\demo\file 468.txt,D:\Workspace\DevOps\Python\week1\demo\test 468.txt,2025-11-02T21:58:04.138593
D:\Workspace\DevOps\Python\week1\demo\file 469.txt,D:\Workspace\DevOps\Python\week1\demo\test 469.txt,2025-11-02T21:58:04.138593
D:\Workspace\DevOps\Python\week1\demo\file 470.txt,D:\Workspace\DevOps\Python\week1\demo\test 470.txt,2025-11-02T21:58:04.138593
D:\Workspace\DevOps\Python\week1\demo\file 471.txt,D:\Workspace\DevOps\Python\week1\demo\test 471.txt,2025-11-02T21:58:04.138593
D:\Workspace\DevOps\Python\week1\demo\file 472.txt,D:\Workspace\DevOps\Python\week1\demo\test 472.txt,2025-11-02T21:58:04.138593
D:\Workspace\DevOps\Python\week1\demo\file 473.txt,D:\Workspace\DevOps\Python\week1\demo\test 473.txt,2025-11-02T21:58:04.138593
D:\Workspace\DevOps\Python\week1\demo\file 474.txt,D:\Workspace\DevOps\Python\week1\demo\test 474.txt,2025-11-02T21:58:04.138593
D:\Workspace\DevOps\Python\week1\demo\file 475.txt,D:\Workspace\DevOps\Python\week1\demo\test 475.txt,2025-11-02T21:58:04.138593
D:\Workspace\DevOps\Python\week1\demo\file 476.txt,D:\Workspace\DevOps\Python\week1\demo\test 476.txt,2025-11-02T21:58:04.138593
D:\Workspace\DevOps\Python\week1\demo\file 477.txt,D:\Workspace\DevOps\Python\week1\demo\test 477.txt,2025-11-02T21:58:04.138593
D:\Workspace\DevOps\Python\week1\demo\file 478.txt,D:\Workspace\DevOps\Python\week1\demo\test 478.txt,2025-11-02T21:58:04.138593
D:\Workspace\DevOps\Python\week1\demo\file 479.txt,D:\Workspace\DevOps\Python\week1\demo\test 479.txt,2025-11-02T21:58:04.138593
D:\Workspace\DevOps\Python\week1\demo\file 480.txt,D:\Workspace\DevOps\Python\week1\demo\test 480.txt,2025-11-02T21:58:04.138593
D:\Workspace\DevOps\Python\week1\demo\file 481.txt,D:\Workspace\DevOps\Python\week1\demo\test 481.txt,2025-11-02T21:58:04.138593
D:\Workspace\DevOps\Python\week1\demo\file 482.txt,D:\Workspace\DevOps\Python\week1\demo\test 482.txt,2025-11-02T21:58:04.138593
D:\Workspace\DevOps\Python\week1\demo\file 483.txt,D:\Workspace\DevOps\Python\week1\demo\test 483.txt,2025-11-02T21:58:04.138593
D:\Workspace\DevOps\Python\week1\demo\file 484.txt,D:\Workspace\DevOps\Python\week1\demo\test 484.txt,2025-11-02T21:58:04.138593
D:\Workspace\DevOps\Python\week1\demo\file 485.txt,D:\Workspace\DevOps\Python\week1\demo\test 485.txt,2025-11-02T21:58:04.138593
D:\Workspace\DevOps\Python\week1\demo\file 486.txt,D:\Workspace\DevOps\Python\week1\demo\test 486.txt,2025-11-02T21:58:04.138593
D:\Workspace\DevOps\Python\week1\demo\file 487.txt,D:\Workspace\DevOps\Python\week1\demo\test 487.txt,2025-11-02T21:58:04.138593
D:\Workspace\DevOps\Python\week1\demo\file 488.txt,D:\Workspace\DevOps\Python\week1\demo\test 488.txt,2025-11-02T21:58:04.138593
D:\Workspace\DevOps\Python\week1\demo\file 489.txt,D:\Workspace\DevOps\Python\week1\demo\test 489.txt,2025-11-02T21:58:04.138593
D:\Workspace\DevOps\Python\week1\demo\file 490.txt,D:\Workspace\DevOps\Python\week1\demo\test 490.txt,2025-11-02T21:58:04.138593
D:\Workspace\DevOps\Python\week1\demo\file 491.txt,D:\Workspace\DevOps\Python\week1\demo\test 491.txt,2025-11-02T21:58:04.138593
D:\Workspace\DevOps\Python\week1\demo\file 492.txt,D:\Workspace\DevOps\Python\week1\demo\test 492.txt,2025-11-02T21:58:04.138593
D:\Workspace\DevOps\Python\week1\demo\file 493.txt,D:\Workspace\DevOps\Python\week1\demo\test 493.txt,2025-11-02T21:58:04.138593
D:\Workspace\DevOps\Python\week1\demo\file 494.txt,D:\Workspace\DevOps\Python\week1\demo\test 494.txt,2025-11-02T21:58:04.138593
D:\Workspace\DevOps\Python\week1\demo\file 495.txt,D:\Workspace\DevOps\Python\week1\demo\test 495.txt,2025-11-02T21:58:04.138593
D:\Workspace\DevOps\Python\week1\demo\file 496.txt,D:\Workspace\DevOps\Python\week1\demo\test 496.txt,2025-11-02T21:58:04.138593
D:\Workspace\DevOps\Python\week1\demo\file 497.txt,D:\Workspace\DevOps\Python\week1\demo\test 497.txt,2025-11-02T21:58:04.138593
D:\Workspace\DevOps\Python\week1\demo\file 498.txt,D:\Workspace\DevOps\Python\week1\demo\test 498.txt,2025-11-02T21:58:04.138593
D:\Workspace\DevOps\Python\week1\demo\file 499.txt,D:\Workspace\DevOps\Python\week1\demo\test 499.txt,2025-11-02T21:58:04.138593
D:\Workspace\DevOps\Python\week1\demo\file 500.txt,D:\Workspace\DevOps\Python\week1\demo\test 500.txt,2025-11-02T21:58:04.138593
